{"0": {"nokia": 290.7625109053318, "phone": 194.97870383068772, "3310": 134.43773057339857, "rt": 106.32838066205922, "like": 93.00959602050139, "old": 81.91686554770534, "one": 69.91397303029763, "iphone": 67.94079820828831, "samsung": 62.302730796926106, "time": 61.12945744250176}, "1": {"game": 79.71822706731332, "nokia": 74.29494199463646, "play": 66.95862657487145, "fun": 61.16970202040172, "2021": 59.24551377180958, "ball": 56.97937509159275, "april": 55.1094678994374, "puzzle": 54.63736469168555, "nougat": 53.79603416728484, "androidgames": 53.79603416728484}, "2": {"nokia": 80.94744021124903, "patent": 76.40073280685931, "lenovo": 74.15305770441807, "settle": 46.41866593100597, "fight": 41.1433812324, "phone": 30.438607441891435, "rt": 28.903454926343077, "new": 28.242582100054182, "live": 26.657166963301634, "agreement": 24.136297201273983}, "3": {"nokia": 286.2408969478547, "android": 152.81506751631454, "11": 128.36283687025502, "new": 111.1925281703072, "update": 105.09505439621434, "rt": 87.81853236162485, "india": 77.08944864106824, "hmd": 75.88787846714654, "launch": 74.8613927183994, "launched": 74.73595502398176}, "4": {"nokia": 161.3996243977596, "princess": 115.14422173061178, "phone": 73.65145468641882, "like": 66.37547493974449, "rt": 55.70446926781564, "want": 37.31633075979195, "new": 35.59665100560117, "5g": 33.268849060509616, "party": 31.33470361260241, "slumber": 28.00834372686492}}